Type;DAT category;Platform;purpose for;DAT name;DAT provider name;DAT short Description;DAT provider website;Platform Link;Crop type;Cost Info
crop;Farm Management Information Systems (FMIS) and applications (inc. Decision Support Systems (DSS), Quality Management Systems (QMS));NA;Irrigation-DSS;Plantae manager;Plantae;Plantae Manager is an irrigation decision support system (DSS) designed to help farmers optimize their irrigation practices and improve water use efficiency. The software collects data on a range of factors that can impact irrigation, including soil moisture, weather conditions, crop growth stage, and more. Based on this data, Plantae Manager provides recommendations on when and how much to irrigate, as well as tools for creating irrigation schedules and monitoring water use. The software is designed to work with a range of irrigation systems, including drip irrigation, sprinkler irrigation, and pivot systems. It can also integrate with weather stations, soil moisture sensors, and other monitoring equipment to provide real-time data and insights. Overall, Plantae Manager is a comprehensive irrigation DSS that can help farmers save water, reduce costs, and improve crop yields.;https://plantae.garden/;NA;arable,vegetables,orchards;700euro/year
crop;Farm Management Information Systems (FMIS) and applications (inc. Decision Support Systems (DSS), Quality Management Systems (QMS));NA;Irrigation-DSS;Zen-Irriware;Agritask ;Zen-Irriware and Zen Agro are irrigation management solutions that use sensors, weather data, and other inputs to provide real-time insights into soil moisture, crop water use, and other factors affecting irrigation. These platforms can provide alerts and recommendations for when and how much to irrigate, helping farmers optimize their irrigation practices and improve water use efficiency.;https://zenagropc.com/georgia-akriveias/;NA;arable crops, fruits, vineyards and vegetables;20-30 euros per year for up to five plots or 3.000 euros for private use by a company or cooperative
crop;Farm Management Information Systems (FMIS) and applications (inc. Decision Support Systems (DSS), Quality Management Systems (QMS));NA;Irrigation-DSS;Zen Agro;Agritask ;Zen-Irriware and Zen Agro are irrigation management solutions that use sensors, weather data, and other inputs to provide real-time insights into soil moisture, crop water use, and other factors affecting irrigation. These platforms can provide alerts and recommendations for when and how much to irrigate, helping farmers optimize their irrigation practices and improve water use efficiency.;https://zenagropc.com/georgia-akriveias/;NA;arable crops, fruits, vineyards and vegetables;20-30 euros per year for up to five plots or 3.000 euros for private use by a company or cooperative
crop;Farm Management Information Systems (FMIS) and applications (inc. Decision Support Systems (DSS), Quality Management Systems (QMS));NA;Multipurpose - DSS/ FMIS;AgriTask DSS;Agritask ;Agritask is a farm management platform that provides a range of tools and features to help farmers manage their operations more efficiently. The platform includes capabilities for field mapping, crop scouting, pest management, and harvest tracking, among others. Agritask can also integrate with a range of sensors and other data sources to provide real-time insights into crop performance and other factors affecting farm productivity. Zen-Irriware and Zen Agro are irrigation management solutions that use sensors, weather data, and other inputs to provide real-time insights into soil moisture, crop water use, and other factors affecting irrigation. These platforms can provide alerts and recommendations for when and how much to irrigate, helping farmers optimize their irrigation practices and improve water use efficiency.;https://start.agritask.com/wp-content/uploads/2021/03/HZPC-case-study.pdf;NA;potatos;950 euros/per year 
crop;Farm Management Information Systems (FMIS) and applications (inc. Decision Support Systems (DSS), Quality Management Systems (QMS));Fairshare;Multipurpose- DSS/FMIS;VegSyst Decision Support System (VegSyst-DSS);Universidad de Almer?a;The VegSyst Decision Support System (VegSyst-DSS) has been developed to calculate daily N fertilizer and irrigation requirements, and the N concentration of the applied nutrient solution applied for fertigated vegetable crops grown in greenhouses. It can be used for crops grown in soil or substrate. N fertilizer requirements are based on daily crop N uptake and consider soil mineral N at planting, and N mineralized from manure and soil organic matter. Irrigation requirements are based on estimated evapotranspiration (ETc) and consider irrigation application efficiency and the salinity of irrigation water.  ETc can be calculated using the Penman-Monteith equation adapted to greenhouses or the Almeria radiation equation;https://w3.ual.es/GruposInv/nitrogeno/VegSyst-DSS.shtml;https://fairshare-pnf.eu/tool-detailsid=5e33213450aeb3490a24f3a8&flag=true&name=VegSyst-DSS;vegetables;free
crop;Farm Management Information Systems (FMIS) and applications (inc. Decision Support Systems (DSS), Quality Management Systems (QMS));Fairshare;Monitoring- FMIS;x Growing Support Systems;NetSensors;"N3tSensors AGRO PLUS is the Premium version of N3tSensors AGRO.The establish partnership between NumbersAgain and Itri Corporation (owner of Hawk-Eye™ Systems) gave us the possibility to expand our scope and advantages.The N3tSensors AGRO PLUS Platform gives you the power to have: - 24/7/365 Real-Time Monitoring and Control - Measurement & Listening to what the Crop has to ""Say"" - Prescribing Irrigation - Remote Scouting Crop  - Integration of new and existing Sensors and Agricultural Systems - Dashboard in a Web Browser (no App needed) - Alarms by Email, SMS and Voice - Data Export.N3tSensors AGRO PLUS has the exact same features and workflow of N3tSensors AGRO with the additional integration, upstream, of the Hawk-Eye™ Systems.";http://www.netsensors.pt/ps.html;https://fairshare-pnf.eu/tool-detailsid=5f6cc0961f68f325af42e155&flag=true&name=N3tSensors%20Agro%20Plus;all;4.900 euros and 150 euros/month (monthly subscription)
crop;Farm Management Information Systems (FMIS) and applications (inc. Decision Support Systems (DSS), Quality Management Systems (QMS));Fairshare;Monitoring- FMIS;Wisecrop;wisecrop;Recording and evaluation of the water stress of the plantation through the plant, meteorology, soil and/or substratePersonalized irrigation suggestions (time and quantity) depending on the production method and the data collected from the plantationPrograms, reports Remote control and immediate action in the irrigation system;https://www.wisecrop.com/en/apps;https://fairshare-pnf.eu/tool-detailsid=5f310bfc1f68f325af42e12b&flag=true&name=Wisecrop;all;30 euros/month
crop;Farm Management Information Systems (FMIS) and applications (inc. Decision Support Systems (DSS), Quality Management Systems (QMS));Fairshare;Monitoring- FMIS;NMP Online;Teagasc;NMP Online is an online web application that allows Agricultural Advisors to prepare Nutrient Management Plans required for farm management purposes.These plans are required both to show compliance with regulations and as a criteria for participation in farm management schemes.NMP Online has met the requirements for Nutrient Management Planning (NMP) for participation in the GLAS Scheme and for submission of the NMP element of the Nitrates Derogation application. It has been developed to handle the complex legislative and compliance framework that governs the management of nutrients and protection of waters.The system is used by more than 850 farm advisors nationwide, who now have more than 250k plans on the system for 60k farmers.The NMP online system was developed by Teagasc in conjunction with Compass Informatics Ltd, starting in 2014. It has continuously evolved since, to comply with changing legislation and to introduce new features.;https://www.teagasc.ie/about/our-organisation/connected/pricing--plans/;https://fairshare-pnf.eu/tool-detailsid=5e79e03ef72ec11a927e1f06&flag=true&name=NMP%20Online;all;250 euros/year
crop;Farm Management Information Systems (FMIS) and applications (inc. Decision Support Systems (DSS), Quality Management Systems (QMS));Fairshare;Monitoring- FMIS;EOSDA Crop Monitoring;EOS;EOSDA Crop Monitoring is an advanced satellite-powered precision farming platform for food producers, insurance companies, input suppliers, and other agricultural players.Effortlessly access data on crop health, weather conditions, crop rotation, field activities, elevation, soil moisture, and more — all seamlessly embedded into a user-friendly interface.;https://eos.com/;https://fairshare-pnf.eu/tool-detailsid=5e331b3d50aeb3490a24f3a7&flag=true&name=EOS%20Crop%20Monitoring;all;950 euros/year
crop;Farm Management Information Systems (FMIS) and applications (inc. Decision Support Systems (DSS), Quality Management Systems (QMS));Fairshare;Monitoring- FMIS;MyIrrigation;aquagri;MyIrrigation platform was developed to be a simple tool that integrates different sources of information, to give farmers/advisers/technicians the best available information in order to help them manage their daily operations regarding irrigation management.MyIrrigation integrates information from soil probes, water probes, weather stations, satellite Imagery and weather forecasting models.The main Aquagri's objetive when developing MyIrrigation was to create a simple and reliable tool to optimise water utilisation for irrigation;https://www.aquagri.eu/myirrigationlang=en;https://fairshare-pnf.eu/tool-detailsid=611f775ab96c330883d4d254&flag=true&name=MyIrrigation;all;60 euros/year
crop;Farm Management Information Systems (FMIS) and applications (inc. Decision Support Systems (DSS), Quality Management Systems (QMS));Smartakis ;Monitoring-FMIS ;TRUAS TrueAgriculturalSensing;AgroTechnology;Crop monitoring with usage of multispectral camera and small unmanned aerial vehicle (UAV) for nitrogen management and diseases and water stress monitoring. Final product is qualified nitrogen variable application prescription based on agronomical rules.;https://agrotechnology.pl/;https://smart-akis.com/SFCPPortal/#/app-h/technologiestechid=1604;all;6 euros/ha
crop;Farm Management Information Systems (FMIS) and applications (inc. Decision Support Systems (DSS), Quality Management Systems (QMS));NA;Irrigation-DSS;Irrigation pro;IrrigationPro;Irrigation Pro is an irrigation management software designed for agricultural operations. The software provides a range of tools and features to help farmers optimize their irrigation practices, including soil moisture monitoring, irrigation scheduling, and real-time data analysis. The software is compatible with a range of sensors and data sources, enabling farmers to monitor soil moisture, weather conditions, and other factors that impact irrigation. With Irrigation Pro, farmers can make informed decisions about when and how much to irrigate their crops, reducing water usage and increasing crop yield. Overall, Irrigation Pro is a powerful tool for improving irrigation management, reducing costs, and improving environmental sustainability.;https://www.irrigationpro.mk/;NA;arable crops, fruits, vineyards, vegetables;200 euros
crop;Farm Management Information Systems (FMIS) and applications (inc. Decision Support Systems (DSS), Quality Management Systems (QMS));NA;Monitoring-FMIS;iFarma - Pro;Agrostis;Ifarma helps the farmers to plan, monitor and keep records of all farming activities during the cultivating season. Producers can also keep records of quantities and cost of all inputs and resources, suchcas workers, machines, seeds, fertilizers, plant protectant. The ifarma app works both as a cloud/web and as a mobile app. It is suitable both for individual farmers and for producer organizations, cooperatives, and agriculture production companies.;https://ifarma.agrostis.gr/;NA;all;340/year for pro
crop;Farm Management Information Systems (FMIS) and applications (inc. Decision Support Systems (DSS), Quality Management Systems (QMS));NA;Monitoring-FMIS;iFarma - Basic;Agrostis;Ifarma helps the farmers to plan, monitor and keep records of all farming activities during the cultivating season. Producers can also keep records of quantities and cost of all inputs and resources, suchcas workers, machines, seeds, fertilizers, plant protectant. The ifarma app works both as a cloud/web and as a mobile app. It is suitable both for individual farmers and for producer organizations, cooperatives, and agriculture production companies.;https://ifarma.agrostis.gr/;NA;all;180 euros/year for basic
crop;Farm Management Information Systems (FMIS) and applications (inc. Decision Support Systems (DSS), Quality Management Systems (QMS));NA;Monitoring-FMIS;navfarm;Navfarm; Prudence Technology has built NAVFARM™, an application specifically meant to manage the Farms and livestock. NAVFARM™ not only helps to manage Farms and livestock but also contributes to achieving the production, food processing, and its distribution, bookkeeping along with critical reporting in a scheduled manner. NAVFARM™ is a user-friendly Business solution which is integrated with ERP systems like Microsoft Dynamics etc. It integrates through way- bridges that gives you complete automation and help you to better understand your business and make more confident and informed decisions.;https://www.navfarm.com/;NA;all;20 euros/month
crop;Farm Management Information Systems (FMIS) and applications (inc. Decision Support Systems (DSS), Quality Management Systems (QMS));NA;Monitoring-FMIS;Granular;Corteva;A portfolio of digital solutions that help agricultural professionals make informed, data-driven decisions. These next-generation digital solutions deliver knowledge and artificial intelligence that producers and agronomists need to run more efficient, profitable and sustainable businesses. They also detect and indicate future opportunities for innovation.  ;https://www.corteva.com/https://www.corteva.gr/content/dam/dpagco/corteva/eu/gr/el/files/granular-club/GRANULAR%20CLUB%20-%20%CE%A6%CE%A5%CE%9B%CE%9B%CE%91%CE%94%CE%99%CE%9F.PDF;NA;arrable;70 euros/year
crop;Farm Management Information Systems (FMIS) and applications (inc. Decision Support Systems (DSS), Quality Management Systems (QMS));NA;Monitoring-FMIS;INCOMMAND 800;Ag Leader ;The InCommand 800 by Ag Leader is a farm management information system designed to provide real-time monitoring and control for a range of farming operations. The system offers features such as crop monitoring, yield mapping, and data analysis to help farmers make informed decisions about planting, fertilizing, and harvesting their crops. The InCommand 800 integrates with a range of sensors and equipment, including GPS systems, planting and seeding systems, and yield monitors, providing farmers with real-time data and insights into their farming operations. The system also offers a user-friendly interface, allowing farmers to easily access and manage their data, as well as customizable dashboards and reports for tracking performance and progress over time. Overall, the InCommand 800 is a comprehensive farm management solution that helps farmers optimize their operations, increase yields, and reduce costs.;https://www.agleader.com/farm-management/displays/incommand/;NA;all;3.300 euros
crop;Farm Management Information Systems (FMIS) and applications (inc. Decision Support Systems (DSS), Quality Management Systems (QMS));NA;Monitoring-FMIS;INCOMMAND 1200;Ag Leader ;The InCommand 1200 by Ag Leader is a farm management information system that provides real-time monitoring and control capabilities for a wide range of farming operations. The system offers features such as crop monitoring, yield mapping, and data analysis to help farmers make informed decisions about planting, fertilizing, and harvesting their crops. The InCommand 1200 integrates with a variety of sensors and equipment, including GPS systems, planting and seeding systems, and yield monitors, providing farmers with real-time data and insights into their farming operations. The system also features a large, high-resolution display with a customizable interface that enables easy access and management of data. Farmers can also create customized dashboards and reports for tracking performance and progress over time. Overall, the InCommand 1200 is a powerful farm management solution that helps farmers optimize their operations, increase yields, and reduce costs.;https://www.agleader.com/;NA;all;6.300 euros
crop;Farm Management Information Systems (FMIS) and applications (inc. Decision Support Systems (DSS), Quality Management Systems (QMS));NA;Monitoring-FMIS;eVineyard Management Software;eVineyard ;eVineyard is an intuitive and easy-to-use vineyard management software that helps you grow better quality grapes more sustainably ;https://www.evineyardapp.com/vineyard_information_management;NA;grapes ;495 euros/month 
crop;Farm Management Information Systems (FMIS) and applications (inc. Decision Support Systems (DSS), Quality Management Systems (QMS));NA;Irrigation-DSS;CropX App;CropX;The CropX agronomic farm management system is an easy-to-use integrated hardware and software system that connects farm data, real-time conditions and agronomic knowledge to provide guidance for successful and sustainable farming, while aggregating all agronomic farm data in one place for easy tracking and sharing;https://cropx.com/;NA;all;400 euros/sensor/year 
crop;Farm Management Information Systems (FMIS) and applications (inc. Decision Support Systems (DSS), Quality Management Systems (QMS));NA;Multipurpose - DSS/ FMIS;HawkEye;HawkEye;HawkEye is a software solution designed for farming operations that provides a range of decision support, data recording, visualization, and reporting tools. The software helps farmers make sense of and visualize their farm activity and environment, allowing them to better understand and manage their operations. With HawkEye, farmers can collect and analyze data on various aspects of their farm, such as soil moisture, crop yield, weather conditions, and more. The software provides tools for creating maps, charts, and other visualizations that make it easier to interpret and act on the data. Overall, HawkEye can help farmers optimize their operations, improve yields, and reduce costs;https://www.hawkeye.farm/;NA;all;500 euros/year
crop;Farm Management Information Systems (FMIS) and applications (inc. Decision Support Systems (DSS), Quality Management Systems (QMS));NA;Multipurpose-FMIS;Trimble Ag Software;Trimble;Trimble Ag Software is a Farm Management Information System (FMIS) designed to help farmers, agronomists, and other agricultural stakeholders manage various aspects of their farming operations. The software provides tools for planning, monitoring, and analyzing data related to crops, livestock, and resources, enabling users to make informed decisions. Key features include field mapping and record keeping, crop planning and management, precision agriculture tools using GPS and GIS technologies, weather tracking and forecasting, financial management, livestock management, and mobile applications for on-the-go access. By centralizing data and offering decision support tools, Trimble Ag Software aims to streamline farm management, optimize operations, and improve profitability.;https://agriculture.trimble.com/en/products/software/trimble-agriculture-software;NA;all;1000 euros/year
crop;Guidance / Controlled Traffic Farming (CTF) technologies;NA;Autosteering;FJD AT1 Autosteering Kit;FJDynamics;FJD AT1 Autosteering Kit uses GNSS and RTK to navigate tractors along straight lines, curves, or concentric circles with sub-inch (2.5cm) accuracy. This auto steer works with a wide array of tractors, harvesters, and other agricultural machines.;https://www.fjdynamics.com/product/fjd-at2-auto-steer-system;NA;all;6.290 euros
crop;Guidance / Controlled Traffic Farming (CTF) technologies;NA;Autosteering;Sveaverken F100 Auto Steer System;Sveasverken;Sveaverken F100 auto steer system helps farmers to realize the vision of cost reduction and efficiency improvement. It reduces the amount of fuel, seed, fertilizer, and pesticides by optimizing the tractor's path through the field. It also increases yield per hectare by eliminating skips and overlaps in the field with RTK precision navigation technology.;https://www.sveaverken.com/products/f100-auto-steer-systemutm_source=google&utm_campaign=2427&utm_medium=cpc-Brand&gclid=CjwKCAiA3KefBhByEiwAi2LDHINNcPP4GXwLATZADq2e9cNj54SShrlbE3ZiVKvlGP7SGnpDzXiLzxoCYWAQAvD_BwE;NA;all;5.100 euros
crop;Guidance / Controlled Traffic Farming (CTF) technologies;NA;Autosteering;FieldBee GPS tractor system;FieldBee ;A simple and affordable tractor navigation and auto steering system for your farm;https://products.fieldbee.com/uk/utm_term=agricultural%20gps%20guidance%20systems&utm_campaign=Search_Categories_NM&utm_source=ga&utm_medium=cpc&hsa_acc=8241340597&hsa_cam=19650867248&hsa_grp=146393769072&hsa_ad=647322757370&hsa_src=g&hsa_tgt=kwd-325766699211&hsa_kw=agricultural%20gps%20guidance%20systems&hsa_mt=p&hsa_net=adwords&hsa_ver=3&gclid=EAIaIQobChMIo7H1kJXb_QIVgwgGAB054gvjEAAYASAAEgK-SPD_BwE#508504786;;All;849 euros 
crop;Guidance / Controlled Traffic Farming (CTF) technologies;NA;GPS Guidance System;JY100 Tractor GNSS Guidance System;SMAJAU;JY100 guidance system consists of professional GNSS smart antenna, large display and guidance software. It would be the ultimate guidance solution for today's precision farmer. soft-ware has farmer-friendly GUI and large iconic buttons for each function. It features navigation access within 3-click ideal for minimal training and guidance experience. JY100 is robust, accurate and affordable enabling you to easily perform various farming tasks, extend your operating hours and enhance the productivity of your farm.;https://www.smajayu.com/;NA;all;1.500 euros
crop;Guidance / Controlled Traffic Farming (CTF) technologies;NA;Autosteering-FMIS ;AgriBus-GMiniR;AgriBus;AgriBus-GMiniR is a powerful GPS receiver and farm management system that provides farmers with real-time data and accurate GPS positioning for a range of farming operations. The system is designed to optimize efficiency, reduce waste, and improve sustainability, with features such as automatic section control, CTF capabilities, and autosteering. The AgriBus-GMiniR, designed for ultra-high precision guidance with AgriBus-NAVI, is equipped with a dual-frequency RTK-GNSS/GPS module from u-blox and is capable of centimeter-level ultra-high precision positioning. The u-blox RTK-GNSS/GPS module can be used as a reference station, and can also be easily switched to a reference station via a dedicated application. The sensor-based path prediction and correction minimize positioning errors. By integrating with a range of agricultural equipment, including tractors and sprayers, the system provides farmers with highly accurate GPS guidance and real-time monitoring, enabling precise control over their operations and minimizing overlaps and soil compaction. The autosteering function further enhances efficiency and accuracy, reducing operator fatigue and the risk of missed areas. Overall, AgriBus-GMiniR is a valuable tool for farmers looking to improve their productivity and profitability while reducing their environmental impact.;https://shop.agri-info-design.com/en-eu;NA;all;1.100 euros
crop;Guidance / Controlled Traffic Farming (CTF) technologies;Smartakis ;GPS Guidance System;AutoTrac Controller;John Deere;Integrated automatic guidance system which can be retrofitted on third party machines;https://www.deere.com/en/technology-products/precision-ag-technology/guidance/auto-trac-controller/;https://www.smart-akis.com/wp-content/uploads/techhtmpdf/1118.htm;all;12.500 euros 
crop;Guidance / Controlled Traffic Farming (CTF) technologies;Smartakis ;GPS;Tractor Implement Automation;John Deere;Simplified operation: e.g. one touch, one baleMaximise throughput and higher productivityRelaxed working and reduced stress for the operatorConsistent bale quality, planting and other work resultsReduced fuel consumption;https://www.deere.co.uk/en/precision-agriculture/automation-systems/tractor-implement-automation/;;all;10.000- 25.000 euros 
crop;Guidance / Controlled Traffic Farming (CTF) technologies;NA;Autosteering;Agribus straight assistance package;AgriBus;The AgriBus straight assistance package by AgriBus is an entry-level model in their automatic steering series that allows farmers to add an automatic steering function to their tractors externally. The system is designed to work seamlessly with the AgriBus-GMiniR GNSS/GPS device to provide ultra-high-precision automatic steering at half the price of similar systems. With the AgriBus straight assistance package, farmers can reduce fatigue and increase efficiency by letting the system work straight without error, freeing them up to focus on other tasks. The system is user-friendly and easy to operate, allowing anyone to use it effectively. An entry model in the Agribus automatic steering series that can add an automatic steering function to your tractor externallyAgribus straight assistance packageWas appeared. Acts ultra-high-precision automatic steering by combining with Agribus-Gminir, a GNSS/GPS device. At half the price so far, it will work straight without an error instead of you. Easy operation, anyone can work and reduce fatigue. Overall, the AgriBus straight assistance package represents a major step forward for precision agriculture, making automatic steering accessible to farmers of all sizes and increasing productivity and profitability in the process.;https://shop.agri-info-design.com/en-euu;NA;all;4.320 euros
crop;Guidance / Controlled Traffic Farming (CTF) technologies;NA;GPS;Trimple GFX 1060 + NAV 500;Tractor GPS;Trimble GFX-750 is the long-expected new navigation display by Trimble and continues a strong tradition of sleek, easytouse displays from Trimble. Thanks to the simplified installation process, the cab will be less cluttered with this automated guidance system. The GFX-750 display comes with a NAV-900 guidance controller. It is Trimble’s most advanced GNSS receiver to date, built for maximum uptime and a wide range of accuracy options from basic to high precision. The GFX-750 display works on most tractor brands or with most implement manufacturers on your farm with ISOBUS control. Ready to work with Trimble Autopilot guidance systems. The Task Controller function with automatic section control, as well as documentation, is fully integrated and easy to use in the working screen. GFX-750 comes with Wi-Fi, Bluetooth, CAN, and for the first time, BroadR-Reach – high-speed communications to allow fast and easy transfer of data between vehicles and the office.;Precision Agriculture Solutions - TractorGPS;NA;all;4.100 euros
crop;Guidance / Controlled Traffic Farming (CTF) technologies;NA;Autosteering;GFX-750, Nav-900, EZ-Pilot Pro, RTK;Tractor GPS;The Trimble GFX-350 display is the most compact display from Trimble Agriculture, perfect for a non intrusive installation in vehicles large and small, including ATVs. Easy to install, this display is built to withstand weather conditions and the tough environment associated with agriculture, whilst bringing modern functionality with an Android operating system, Precision IQ guidance and built in WIFI. The GFX 350 is a perfect introduction to Trimble devices and allows you to configure as you see fit, using its modular licensing and hardware compatibility, its your ideal partner for now and in the future. The EZ-Pilot® Pro guidance system offers high-precision navigation on MFWD, 4WD tractors and combos. The added benefit of the EZ-Pilot Pro is that the vehicles are now able to engage in reverse to better align for the next lap (up to 15 seconds reversing). Adding this feature can allow users to take advantage of a high-precision solution once the accessory touches the ground. With hands-free guidance, the EZ-Pilot Pro system allows you to operate easily and safely on your farm. The electric motor allows unlimited manual driving when the autopilot is not engaged.;Precision Agriculture Solutions - TractorGPS;NA;all;15.000 euros
crop;Guidance / Controlled Traffic Farming (CTF) technologies;NA;Autosteering;EZ-STEER WITH GFX-350;Trimble;The Trimble® GFX-350™ is the latest Android™-based, easy-to-use display from Trimble® Agriculture. This cost-effective solution offers great functionality and a simplified installation process, providing access to autosteering and application control for every farm. Add in Bluetooth® and Wi-Fi connectivity to go along with ISOBUS compatibility and any grower can tackle farming applications from every season across all equipment brands.;https://infrontag.com/trimble;NA;all;6.000 euros
crop;Guidance / Controlled Traffic Farming (CTF) technologies;NA;Autosteering;EZ-STEER WITH GFX-750;Trimble;The Trimble® GFX-350™ is the latest Android™-based, easy-to-use display from Trimble® Agriculture. This cost-effective solution offers great functionality and a simplified installation process, providing access to autosteering and application control for every farm. Add in Bluetooth® and Wi-Fi connectivity to go along with ISOBUS compatibility and any grower can tackle farming applications from every season across all equipment brands. The Trimble® NAV-500™ guidance controller pairs with all GFX series displays. It is especially suited to the GFX-350 display to create a professional level system at a price usually associated with the entry-level market. With the NAV-500™ guidance controller, you get: Compatibility with five (5) satellite constellations: GPS, GLONASS, BeiDou, QZSS, and Galileo Sub-meter accuracy Trimble ViewPoint RTX™ corrections (subscription required). The Trimble™ EZ-Steer® assisted steering system provides simple, portable, hands-free farming for more than 1200 vehicle models – old and new. The EZ-Steer® system turns the steering wheel for you by combining a friction wheel and a motor with guidance from any Trimble™ display. It keeps your vehicle online for efficient, low stress steering capabilities for your farming applications. This is a complete EZ-Steer Base kit for an EZ-Guide 250 and EZ-Guide 500.  The EZ-Guide 250 will require in addition a 4 Pin CAN Cable PN 65536.  Each system will require a vehicle specific bracket and if you are having trouble finding this for your vehicle please contact us directly.;https://infrontag.com/trimble;NA;all;7.000 euros
crop;Guidance / Controlled Traffic Farming (CTF) technologies;NA;Autosteering;Outback Rebel Row-Crop;REBEL;All-in-one REBEL™ comes fully-loaded with everything you need for the farming you do at one price No hidden fees or extra unlocks for critical software Easy setup for your equipment Always connected with built-in WiFi Always current with wireless updates of your software Simple-to-use with short-cut keys, LED power button, pinch-to-zoom;https://www.a2bguidance.com/guidance/outback-rebel/outback-rebel-row-crop.html;NA;all;10.000 euros
crop;Guidance / Controlled Traffic Farming (CTF) technologies;NA;Autosteering - VRA seed and fertilizer ;System 350 with X30 Control Console;Topcon;The Topcon System 350 with X30 Control Console is a precision farming technology platform that offers a range of tools and features for optimizing planting, fertilization, and harvesting operations. The system includes an advanced control console with autosteer and section control capabilities, yield monitoring, and data management and analysis tools. The System 350 with X30 Control Console is designed to help farmers improve farm efficiency and productivity through precision farming practices.;https://www.topconagriculture.com/;NA;all;15.000 - 25.000 euros
crop;Guidance / Controlled Traffic Farming (CTF) technologies;NA;Autosteering;Trimble Autopilot;Trimble;Trimble Autopilot is a high-precision, automated steering system that offers advanced guidance capabilities for a wide range of agricultural vehicles. It is compatible with many makes and models of tractors, combines, and other farm machinery. The system integrates with the vehicle's hydraulics to provide highly accurate steering control, allowing for optimal field navigation and pass-to-pass repeatability. Trimble Autopilot offers different levels of accuracy, depending on the GPS correction source used, and supports various guidance patterns, enabling farmers to minimize field overlap, save on input costs, and reduce soil compaction.;https://agriculture.trimble.com/en;NA;all;10.000 - 25.000 euros 
crop;Guidance / Controlled Traffic Farming (CTF) technologies;NA;Autosteering;John Deere AutoTrac;John Deere;John Deere AutoTrac is an automated steering and guidance system designed for use with John Deere and compatible non-John Deere equipment. AutoTrac provides precise and consistent steering control for a range of farming tasks, including planting, spraying, and harvesting. It utilizes GPS technology to maintain the desired guidance path and reduces operator fatigue by automating steering. AutoTrac is compatible with different levels of accuracy, depending on the GPS correction source used, and offers several guidance patterns. By implementing John Deere AutoTrac, farmers can improve efficiency, reduce input costs and minimize soil compaction.;https://www.deere.gr/el/smart-farming-solutions/guidance-solutions/autotrac/;NA;all;10.000 - 25.000 euros 
crop;Reacting or Variable Rate Technologies (VRT);NA;Management Zones & VRA Maps;Management Zones & VRA Maps;GeoPard Agriculture;GeoPard Agriculture Management Zones & VRA Maps is a technology used in precision agriculture. It helps farmers to optimize crop production by providing a detailed analysis of their fields and dividing them into different management zones based on various factors such as soil type, topography, and previous crop yields. The VRA (Variable Rate Application) maps provide recommendations for fertilizer and pesticide application, ensuring that the right amount of resources are used in the right place at the right time, leading to higher yields and reduced costs.;https://geopard.tech/management-zones-vra-maps/;NA;all;260 euros/year
crop;Reacting or Variable Rate Technologies (VRT);NA;fertilization;M42 ISOBUS SECTION CONTROL 2.0;Teagle;The range topping M42 ISO offers even greater spreading flexibility and accuracy thanks to the SECTION CONTROL 2.0 system (16 sections).;https://www.teagle.co.uk/en-GB/;NA;all;22.300 euros
crop;Reacting or Variable Rate Technologies (VRT);Smartakis ;irrigation ;UgMO Soil Moisture Sensor System;UgMO;The system becomes your outdoor water manager by controlling the irrigation system and monitoring soil moisture. Utilizing real time soil moisture sensor data on a zone-by-zone basis, UgMO always applies the optimal amount of water. Typically achieving irrigation water savings of 30-50%, the UG1000 System redefines smart irrigation management. With the power and flexibility of the new SenLink™ wireless-sensor-network technology, the UG1000 is designed for non-disruptive installation and ease of use. Wireless Sensors are buried in the active root zone completely below ground to measure soil moisture levels at the roots of the plant in real-time, up to six times an hour, 24 hours a day. The sensor data is then wirelessly transmitted to the UgMO Irrigation Controller.;https://ugmo.com/solutions/;https://smart-akis.com/SFCPPortal/#/app-h/technologiestechid=1391;all;500-1000 euros
crop;Reacting or Variable Rate Technologies (VRT);NA;spraying;Geoline CS260 Sprayer Control System;Tractor GPS;The Sprayer Control System 260 CS is a sophisticated technology that offers several features to help farmers optimize their pesticide and fertilizer spraying operations. With up to 7 section valves and 9 hydraulic valves, the system enables precise control of spraying, while offering both automatic and manual operation modes. The system also comes with a large, rear-lit LCD graphic display that is easy to read in all lighting conditions, and can be connected to optional sat nav for even greater precision. The Sprayer Control System 260 CS also includes features such as USB connectivity for data exchange and software updating, customizable nozzle parameters, and visual and acoustic alarms for safety and efficiency. With integrated diagnostic tools and the ability to manage several parameters, such as pressure, speed, and tank level, the system provides farmers with real-time data and insights for optimized spraying operations.;https://tractorgps.gr/en/ ;NA;all;3.000 euros
crop;Reacting or Variable Rate Technologies (VRT);NA;spraying;GeoSystem 240 CS + GPS;Geoline by Tecomec;The GeoSystem 240 CS + GPS is a computerized system designed for distributing phytosanitary products, suitable for use with sprayers and multi-row machines. The system offers several key features, including up to 5 section valves for precise control of spraying, and both automatic and manual operation modes for maximum flexibility. The system also comes with a GPS speed detector included, allowing for accurate control of spraying operations. Other features include a large, backlit alphanumeric LCD display, a multilingual menu, and simplified work parameter entry for ease of use. The system also offers customizable nozzle parameter storage, configurable units of measurement, and the ability to manage various parameters such as pressure, speed, and tank level. With visual and acoustic alarms, an integrated diagnostic tool, and foam marker management, the GeoSystem 240 CS + GPS provides farmers with real-time data and insights to help optimize their spraying operations for improved efficiency and environmental sustainability.;https://www.tecomec.com/en/agriculture ;NA;all;2.500 euros
crop;Reacting or Variable Rate Technologies (VRT);NA;planting and fertilization;SeedStar XP system;John Deere;The John Deere SeedStar system is a precision agriculture technology that provides variable-rate planting and fertilization. It uses sensors and GPS technology to adjust the planting and fertilization rates of crops based on soil conditions, moisture levels, and other environmental factors. The system can be integrated with other John Deere equipment, such as planters and tractors, to provide real-time monitoring and control of planting and fertilization operations. Overall, the SeedStar system helps farmers optimize their crop yields and reduce input costs by ensuring that crops are planted and fertilized at the most appropriate rates for their specific growing conditions.;https://salesmanual.deere.com/sales/salesmanual/en_AU/seeding/2021/feature/monitor_system/seedstar_xp_monitoringsystem.html;NA;arable, vegetable, row crops;10.000 - 20.000 euros
crop;Reacting or Variable Rate Technologies (VRT);NA;pesticide application;OptiSpray;Lemken;The Lemken OptiSpray system is a precision agriculture technology designed for variable-rate pesticide application. It uses sensors, GPS, and other data to detect changes in field conditions and adjust the pesticide application rate accordingly. The system enables farmers to optimize the use of pesticides by targeting only areas where pests or diseases are present, reducing the amount of chemicals used and minimizing the environmental impact. The system is designed to be integrated with existing equipment, such as sprayers, and can provide real-time monitoring and control of pesticide application operations. In short, the Lemken OptiSpray system helps farmers improve their crop yields, reduce input costs, and promote more sustainable farming practices.;https://lemken.com/de-de/landmaschinen/cropcare;NA;arable;15.000 - 30.000 euros
crop;Reacting or Variable Rate Technologies (VRT);NA;pesticide and fertilizer application;ExactApply;John Deere;The John Deere ExactApply system is a technology used for applying pesticides and fertilizers with precision and efficiency. It uses variable-rate technology to adjust the rate of application based on field conditions, and can be used on a range of crops, including arable crops, vineyards, and trees. The system is designed to improve crop yield and reduce environmental impact, and can be used on a variety of equipment types.;https://www.deere.com/en/technology-products/precision-ag-technology/precision-upgrades/sprayer-upgrades/exactapply-precision-upgrades/;NA;all;7.000 - 12.000 euros
crop;Reacting or Variable Rate Technologies (VRT);NA;seed and fertilizer application;X30 platform;Topcon;The Topcon X30 platform is a precision farming technology used for guidance and variable-rate application of seed and fertilizer based on field conditions. It can be used on a variety of crops and equipment types, and offers a range of tools and features to help optimize planting, fertilization, and harvesting operations.;https://www.topconagriculture.com/;NA;all;5.000 - 10.000 euros
crop;Recording or Mapping technologies (inc. monitoring systems, real-time location systems (RTLS));NA;Monitoring;Altum-PT;Micasense;The Altum-PT by Micasense is a powerful multispectral camera system designed for agricultural monitoring applications. The system captures high-quality images in five spectral bands, including red, green, blue, red edge, and near-infrared, providing farmers with detailed information on plant health, growth, and stress. The Altum-PT is capable of covering large areas quickly and accurately, enabling farmers to monitor their crops in real-time and make informed decisions about irrigation, fertilization, and other management practices. The system is also compatible with a range of drones and unmanned aerial vehicles (UAVs), providing farmers with a cost-effective and efficient solution for aerial crop monitoring. Overall, the Altum-PT is a powerful tool for improving crop yields, reducing waste, and optimizing farming operations for maximum productivity and sustainability.;https://support.micasense.com/hc/en-us;NA;all;15.500-16.000 euros
crop;Recording or Mapping technologies (inc. monitoring systems, real-time location systems (RTLS));NA;Monitoring;RedEdge-P;Micasense;The RedEdge-P by Micasense is a multispectral camera system designed for aerial crop monitoring applications. The system captures high-resolution images in five spectral bands, including red, green, blue, red edge, and near-infrared, providing farmers with detailed information on plant health, growth, and stress. The RedEdge-P is ideal for use with unmanned aerial vehicles (UAVs) and other aerial platforms, enabling farmers to quickly and accurately monitor their crops over large areas. The system is also compatible with a range of data analysis and management tools, allowing farmers to generate detailed maps and reports on crop health and productivity. Overall, the RedEdge-P is a powerful tool for improving crop yields, reducing waste, and optimizing farming operations for maximum productivity and sustainability.;https://support.micasense.com/hc/en-us;NA;all;9-10.000 euros
crop;Recording or Mapping technologies (inc. monitoring systems, real-time location systems (RTLS));NA;Monitoring;Autel Robotics EVO II Drone - 8k Camera Drone;Autel Robotics;Autel EVO II is the world’s first 8K foldable drone on the planet! With 48MP interchangeable camera, 1/2” CMOS sensor, EVO II drone capture content at resolutions up to a massive 8000x6000. F/1.8 fixed aperture and 4x lossless zoom allow you shot better image quality in the air. The EVO  delivers not only advanced features like obstacle avoidance and intelligent flight modes, but also high-tech muscle that brings home a top speed of 44 mph, up to 35-minute hover time, 40-minute flight time and an operating distance of 9 km (5.6 miles). In-flight performance, however, is just the start. The process of mapping or measuring crops with a drone is relatively simple. Autel Drones are equipped with flight planning software that allows the user to map around the area he needs to cover. The software then automatically maps the flight path and, in some cases, even prepares it for camera shots. As the drone flies, it automatically takes pictures using onboard sensors and a built-in camera, and uses GPS to determine when to take each picture.;https://www.autelpilot.eu/gclid=CjwKCAiA_vKeBhAdEiwAFb_nrW4D4YCiPQYxIaRSBIifhwWtHpSJ6qNXuiNRkYwTVFfW3H_P7cPPFBoCEfUQAvD_BwE;NA;all;1.600-2.000 euros
crop;Recording or Mapping technologies (inc. monitoring systems, real-time location systems (RTLS));Fairshare;Monitoring;eFarmer;efarmer;As our company specializes in GPS farming technologies and tractor equipment, it was quite important for us to provide our customers with a top-notch tool to manage the process of fieldwork easily and efficiently. No need to say that a farmer cannot stick to the laptop for hours as there are lots of work to do in the field. So we’ve decided to provide you with a farm mobile app that will help both getting reports from tractors and their GPS modules, planning and mapping and, of course, it is precise auto-steering that is a gem in the crown of our work.What makes the eFarmer’s mobile app specialIt is easy-to-install and to work both.It is provided for all types of Android-based devices.It is compatible with RTK GPS modules and systems;https://www.efarmer.nl/;https://fairshare-pnf.eu/tool-detailsid=60bf16c52e2a4b141eb3b3b1&flag=true&name=eFarmer;all;free
crop;Recording or Mapping technologies (inc. monitoring systems, real-time location systems (RTLS));NA;Mapping;Toro Precision Soil Moisture Sensor;Toro;The Toro Precision™ Soil Sensor reduces water waste by continuously measuring moisture levels in the soil and determining when to allow your controller to water, maximizing the efficiency of your irrigation system;https://www.toro.com/en;NA;;220 euros 
crop;Recording or Mapping technologies (inc. monitoring systems, real-time location systems (RTLS));NA;Monitoring;DJI Phantom 4 Multispectral Drone;DJI;The P4 Multispectral consolidates the process of capturing data that gives insight into crop health and vegetation management. DJI has created this platform with the same powerful performance standards that DJI is known for, including 27 minutes max flight time and up to 7 km1 transmission range with the OcuSync system.;https://www.dji.com/gr/p4-multispectral;NA;all;6.000-7.000 euros
crop;Recording or Mapping technologies (inc. monitoring systems, real-time location systems (RTLS));NA;Monitoring ;eBee Ag drone;eBee Ag;The eBee ag system includes eMotion software and a carrying case. The software and cameras enable 2 cm per pixel resolution and produce 3D maps and overlays as well as the capability to lay out (and simulate) a flight path for up to 45 minutes of flying time;https://ageagle.com/drones/ebee-ag/;NA;all;12.000 euros
crop;Recording or Mapping technologies (inc. monitoring systems, real-time location systems (RTLS));NA;Mapping;A631 RTK Base Station;Premium positioning;Real Time Kinematics, or RTK for short, is a special technique for satellite positioning that can produce accurate results to the centimeter, making it an invaluable tool for surveyors around the world. The method involves measuring satellite data against a ground station for precise, real time information.;https://www.premium-positioning.com/;NA;all;7.000 euros
crop;Recording or Mapping technologies (inc. monitoring systems, real-time location systems (RTLS));NA;Mapping;FARMTRX Yield Mapping Kit;FarmTRX;The FarmTRX Yield Monitor can easily be user-installed on any age/model combine in only a few hours using common tools. The yield monitor features a built-in GPS antenna, Bluetooth connectivity, and memory to store 5+ years of yield data. It uses optical sensors mounted on the clean grain elevator to measure yield, which are much more robust, serviceable, & user friendly than impact plate style sensors. It uses your smartphone or tablet as the monitor, saving thousands and the need for an expensive monitor. Raw data is easily exported and ready to move to other farm management systems.;https://www.farmtrx.com/;NA;all;2.500 euros
crop;Recording or Mapping technologies (inc. monitoring systems, real-time location systems (RTLS));NA;Monitoring;Single Depth sensor;Sensotera;Sensoterra Soil Moisture Sensors measure volumetric water content of the soil. They are all wireless and use the LoRaWAN network to get your data out of your fields and into your hands. They are manufactured at scale and available globally for you to order today.;https://www.sensoterra.com/en/product/single-depth-sensor/;NA;all;165 euros
crop;Recording or Mapping technologies (inc. monitoring systems, real-time location systems (RTLS));NA;Monitoring;Multi Depth sensor;Sensotera;Our new Multi Depth sensor has the same robustness as our Single Depth sensors - hammer it into the ground! No buttons, no screens, no nonsense. The sensor comes with 6 soil moisture sensors in one device. Knowing the soil moisture at several depths will allow you to track the health of your plant at its active root zone during the whole crop cycle. Also, with multiple points of measurement you can measure moisture levels at different soil horizons. They are all wireless and use the LoRaWAN network to get your data out of your fields and into your hands. 2 years of LoRa connectivity is included.;https://www.sensoterra.com/en/product/multi-depth-sensor/;NA;all;900 euros
crop;Recording or Mapping technologies (inc. monitoring systems, real-time location systems (RTLS));NA;Monitoring;Dragino LSPH01 Soil Temperature and pH Sensor;Dragino;The LSPH01 from Dragino detects the soil temperature and the pH value of the soil. The measured value of the pH sensor is corrected with the values of the temperature sensor before transmission.;https://shop.dragino.com/index.phprt=product/product&product_id=134;NA;all;115 euros
crop;Robotic Systems or Smart Machines (inc. Artificial Intelligence (AI));NA;weeding;Handheld – RootWave Pro;rootwave;RootWave Pro is an award-winning hand weeder designed for growers, gardeners and groundskeepers to spot weed and treat invasive species.;https://rootwave.com/pro/;NA;all;18.000 euros
crop;Robotic Systems or Smart Machines (inc. Artificial Intelligence (AI));NA;weeding;Horticulture – Fruit;rootwave;RootWave technology will provide full control of weeds in fruit crops without using chemicals.;https://rootwave.com/;NA;fruits;14.000 euros
crop;Robotic Systems or Smart Machines (inc. Artificial Intelligence (AI));NA;weeding;Agriculture – Cereals (robot);rootwave ;RootWave is developing revolutionary weed control products that will help to safeguard crop production.;https://rootwave.com/;NA;arable;€3,500 to €5,800
crop;Robotic Systems or Smart Machines (inc. Artificial Intelligence (AI));NA;weeding;Agriculture – Row crops (Tractor mounted);rootwave;RootWave is developing revolutionary weed control products that will help to safeguard crop production.;https://rootwave.com/;NA;arable;10.000 euros - 150.000 euros
crop;Robotic Systems or Smart Machines (inc. Artificial Intelligence (AI));NA;pruning;Wall-Ye 1000 mobile pruning robot;Wall-YE;autonomous robot for pruning in vineyards;http://wall-ye.com/index.html;NA;vineyard;35.000 euros
crop;Robotic Systems or Smart Machines (inc. Artificial Intelligence (AI));NA;harvesting;Agrobot SW6010;Agrobot;Agrobot SW6010 and AGSHydro, a bed-on hydroponic growing system customized for strawberry growing and harvesting;https://www.agrobot.com/;NA;strawberry;250.000 euros with 60 arms
crop;Robotic Systems or Smart Machines (inc. Artificial Intelligence (AI));NA;weeding;Lightweight autonomous robots initially for weeding;ecorobotix;Lightweight autonomous robots initially for weeding;https://ecorobotix.com/fr/;NA;arable;15.000 euros
crop;Robotic Systems or Smart Machines (inc. Artificial Intelligence (AI));NA;Weeding and thinning;ROBOVATOR;VISIONWEEDING;The Robovator is equipped with a special plant detection camera above each row, fitted on each parallelogram continuously monitors the passing plants The Robovater is equipped with a special plant detection camera above each row.It has a mechanical tool which is operated by hydraulic power.;https://www.visionweeding.com/;NA;lettuce, cabbage, fennel and onions;80.000 euros
crop;Robotic Systems or Smart Machines (inc. Artificial Intelligence (AI));NA;weeding;Naio Technologies Oz field robot;Naio Technologies;The Oz robot serves as an autonomous electric tractor which can be used for weeding and as a transport from harvesters to accumulation points. Oz operates as a self-powered robotic implement rather than a towed implement;http://www.naio-technologies.com/en/home/;NA;all;350-480 euros/month
crop;Robotic Systems or Smart Machines (inc. Artificial Intelligence (AI));NA;harvesting;White Shark DGF80;White Shark;The White Shark DGF80 is a smart harvesting machine developed by White Shark for use in harvesting olives, almonds, and other tree crops. The machine is designed to be highly efficient and can harvest up to 1,200 kg of olives per hour, reducing labor costs and improving productivity. The White Shark DGF80 features a range of advanced technologies, including a high-speed vibrational system, air blowers, and conveyors, which work together to gently remove the fruit from the trees and transport it to collection bins. The machine is also designed to be environmentally friendly, reducing the amount of waste and damage caused to the trees during harvesting. Overall, the White Shark DGF80 is a powerful tool for farmers looking to improve their efficiency and reduce labor costs in the harvesting of olives and other tree crops.;https://www.mascus.co.uk/agriculture/used-olive-harvesting-machines/white-shark-dgf80/oglotoxh.html;NA;fruits(olive,almonds,walnuts;19.000 euros 
crop;Robotic Systems or Smart Machines (inc. Artificial Intelligence (AI));NA;harvesting;White shark WS 332-86 RC;White Shark;The White Shark Olove Pickers is a smart harvesting machine developed by White Shark for use in harvesting olives. The machine is designed to be highly efficient and can harvest up to 200 kg of olives per hour, reducing labor costs and improving productivity. The White Shark Olove Pickers features a range of advanced technologies, including a combing system that gently removes the olives from the trees and transport them to a collection bin. The machine is also designed to be environmentally friendly, reducing the amount of waste and damage caused to the trees during harvesting. Overall, the White Shark Olove Pickers is a powerful tool for farmers looking to improve their efficiency and reduce labor costs in the harvesting of olives.;https://www.mascus.co.uk/agriculture/used-olive-harvesting-machines/white-shark-dgf80/oglotoxh.html;NA;Olives;19.000 euros
crop;Robotic Systems or Smart Machines (inc. Artificial Intelligence (AI));NA;spraying;XAG R150;Tractor GPS;The XAG R150 is an innovative unmanned ground vehicle designed for agricultural use. With its modular design and multiple modes of operation, it offers precision spraying, crop mapping, and on-farm transfer capabilities. The robot's high-speed turbine injection system provides accurate and efficient spraying, while its all-wheel drive and strong momentum allow it to adapt to any type of terrain. The XAG R150 also features GPS RTK precision navigation and autonomous precision guidance, making it a safe and reliable option for farmers. Equipped with the XAG JetSprayer ™ System, the robot can perform fully autonomous spraying with a maximum productivity of around 50 rpm. Its high-pressure turbines emit a focused, high-velocity airflow that can spray spray liquid into micron-level particles, directly on target areas, making it an ideal solution for precision agriculture.;Precision Agriculture Solutions - TractorGPS;NA;all;30.000 euros
crop;Robotic Systems or Smart Machines (inc. Artificial Intelligence (AI));NA;spraying;Rometron WEED-IT;Rometron ;Since 1999, WEED-IT is the most accurate, fastest and most easy to use weed detection and elimination technology available. By spraying only weeds, it helps you save up to 90% on chemical costs;https://www.weedit.com.au/;NA;Arable ;6,500 euros 
crop;Robotic Systems or Smart Machines (inc. Artificial Intelligence (AI));NA;connection;ISO BUS CONTROL;Agrotopo; ISOBUS,  ISO 11783 ,              .   Agricultural Industry Electronics Foundation (AEF),             -      .;http://agrotopo.eu/productproductid=2775;NA;all;950 euros
crop;Robotic Systems or Smart Machines (inc. Artificial Intelligence (AI));NA;multipurpose;ROBOTTI 150D;Agrointelli;A powerful field robot for power intensive operations, with 2 engines, a PTO and traditional diesel-hydraulic setup. It is the initial product of AGROINTELLI, blazing a trail for the ROBOTTI platform, operating already in more than 15 countries. ;https://agrointelli.com/;NA;Arable;187.000 euros
livestock;Automatic Milking Systems ;NA;Milking Machine;The Microdairy Portable Milking Machine;The Microdairy ;The Microdairy Portable Milking Machine has its own vacuum system, pulsation, milk reception or storage and milking equipment, all on a frame that can be easily transported and used wherever the animal is located. The transport frames are mainly in hot dipped galvanized or powder coated. Our Cow Milking Machines are manufactured in Turkey and optional Silicon liners are approved and manufactured in EU.;https://themicrodairy.com/;;Dairy cows;€ 592
livestock;Automatic Milking Systems ;NA;Milking Machine;Fullwood Merlin;Fullwood;Designed to keep your cows relaxed and productive, M˛erlin uses smart improvements to upgrade your milking environment. With its incredibly silent electric arm, HMI touch screen and unique K-Flow integrated cow traffic, M˛erlin makes milking quiet and stress-free, with natural entry and easy cow flow. What does this all mean? A quiet and relaxed environment that keeps cows comfortable at every stage of milking. The result is better milking and higher yields. M˛erlin makes milking more peaceful for your cows and more profitable for you.;https://www.fullwoodjoz.com/solutions/robotic-milking/merlin/;;Dairy cows;€ 18.426
livestock;Automatic Milking Systems ;NA;Milking Machine;Lely Astronaut A5;Lely;The new milestone in robotic milking The Lely Astronaut A5 is the new milestone in robotic milking. It is a robot that has incorporated everything we have learned in the 25 years of experience since we invented robotic milking. A machine that guarantees high milk production with full respect for animal welfare and the environment.;https://www.lely.com/solutions/milking/astronaut-a5/                           https://www.lely.com/media/filer_public/8e/67/8e67908f-7466-41d5-b599-64acd0c15ac8/lely_dairy_2016_tr.pdf ;;Dairy cows;€ 150.000
livestock;Automatic Milking Systems ;NA;Milking Machine;DeLaval VMS V300;DeLaval;The VMS™ V300 milking robot features the best milking process we have ever created, focused on maximizing the economic benefit of every visit your cows make to it. It allows each cow to be milked according to her individual needs and capacity. This means that each cow is able to reach their full potential.;https://www.delaval.com/en-us/explore-our-farm-solutions/milking/delaval-vms-series/;;Dairy cows;€ 110.000
livestock;Automatic Milking Systems ;NA;Milking Robot;DairyRobot R9500;GEA Farm Technologies;With the R9500 milking robot the choice is yours: Automated milking with voluntary milking times or in groups via group milking. Whichever way fits your operation, thanks to GEA’s leading milking technology, you have a system that is intelligently designed for you and your cows! The DairyRobot R9500 is a milking robot developed by GEA that offers intelligent and flexible automatic milking. It can be configured as a single box system, a multi-box system or a rotary milking parlor, and it can accommodate different cow traffic styles and milking timeshttps://www.gea.com/en/products/milking-farming-barn/dairyrobot-automated-milking/dairyrobot-r9500-robotic-milking-system.jsp.The cost of this product may vary depending on the size, design and equipment options. However, according to a brochure from GEA, the price range for a single box system is between $175,000 and $225,000. You may want to contact GEA or a local dealer for more accurate pricing informationhttps://www.gea.com/en/binaries/gea-dairyrobot-r9500-robot-milking-system_tcm11-51429.pdf;https://www.gea.com/en/dairy-farming/index.jsp;;Dairy cows;€ 200.000
livestock;Automatic Milking Systems ;NA;automated rotary milking;GEA DairyProQ;GEA Farm Technologies;automated rotary milking solution for large-scale dairy farms. he GEA DairyProQ is a robotic rotary milking parlor developed by GEA that offers automatic milking for large herds of 600 cows or more. It has 28-80 milking stalls that operate independently, allowing for continuous milking with high reliability and minimal downtime. It also features the In-Liner Everything technology that performs every step of the milking process within the teat cup, ensuring excellent milk quality and hygienehttps://www.gea.com/en/products/milking-farming-barn/dairyrobot-automated-milking/rotary-parlor-dairyproq.jsp. Some of the benefits of using the GEA DairyProQ are: •  It has a standardized milking routine that takes place in a stress-free environment for the cows. The 3D camera teat detection system attaches the teat cups quickly and precisely, and the individual quarter milking and dipping ensure optimal udder healthhttps://www.gea.com/en/products/milking-farming-barn/dairyrobot-automated-milking/rotary-parlor-dairyproq.jsp. •  It has a conductivity sensor that monitors every udder quarter and lets you manage health preventively. When conductivity values rise, and milk quantity goes down, an automatic test quickly diagnoses the problem. This helps you reduce milk losses and treatment costshttps://www.gea.com/en/products/milking-farming-barn/dairyrobot-automated-milking/rotary-parlor-dairyproq.jsp.  •  It has a modern and motivating work environment for the operators. They can monitor milking, access valuable information on cow health, and intervene in the milking process at any time with a large touchscreen displayhttps://www.gea.com/en/products/milking-farming-barn/dairyrobot-automated-milking/rotary-parlor-dairyproq.jsp. •  It has a low operational and service cost thanks to its simplified maintenance, minimal use of consumables and energy, and optimized performancehttps://www.gea.com/en/products/milking-farming-barn/dairyrobot-automated-milking/rotary-parlor-dairyproq.jsp. It also integrates with GEA FarmView, a monitoring software that allows online diagnosis and supporthttps://www.youtube.com/watch?v=CZ03dvT2154.  The cost of this product may vary depending on the size, design and equipment options. However, according to a news article from 2014, the price range for a single stall module was between $50,000 and $60,000. You may want to contact GEA or a local dealer for more accurate pricing informationhttps://www.gea.com/en/stories/dynamic-dairy-farming.jsp.;https://www.gea.com/en/dairy-farming/index.jsp;;Dairy cows;€ 55.000
livestock;Automatic Milking Systems ;NA;Rotary milking;GEA DairyRotor T8900;GEA Farm Technologies;A rotary milking parlor is made to meet high demands of dairy farms around the world. he EXTERNAL ROTARY MILKING PARLOR DAIRYROTOR T8900 is a carousel milking system developed by GEA for dairy farms that demand high performance and efficiency. It can milk 32-120 cows per round with an outstanding ratio of manpower and milk yieldhttps://www.gea.com/en/products/milking-farming-barn/dairyrotor-milk-rotary/dairyrotor-external-rotaries/dairyrotor-t8900-rotary-parlor.jsphttps://www.gea.com/assets/gea-dairyrotor-t8900-external-rotary-en-227206.pdf. It also offers great comfort and durability for both the cows and the milking staffhttps://www.gea.com/en/products/milking-farming-barn/dairyrotor-milk-rotary/dairyrotor-external-rotaries/dairyrotor-t8900-rotary-parlor.jsphttps://www.gea.com/assets/gea-dairyrotor-t8900-external-rotary-en-227206.pdf.;https://www.gea.com/en/dairy-farming/index.jsp ;;Dairy cows;€ 2.000.000
livestock;Automatic Milking Systems ;NA;Robotic Milking;Lely Astronaut A3 Next;Lely;an automated milking system that milks, feeds, and monitors the health of cows. The milking system also examines the quantity and quality of the milk received from the cows, and if necessary, it separates milk that is contaminated or not to the correct standard. The Lely Astronaut A3 Next is a milking robot developed by Lely that offers automatic milking with improved cow comfort and efficiency. It features a 3D camera teat detection system that achieves an attachment time of 14 seconds under optimal conditions, and a unique I-flow concept that allows cows to enter and exit the box quickly and easilyhttps://www.lely.com/techdocs/astronaut/a3-next/. It also integrates with the Lely Grazeway system that allows cows to choose when to be milked and when to graze outsidehttps://www.lely.com/gb/explore-lely-astronaut-system/.The cost of this product may vary depending on the size, design and equipment options. However, according to a news article from 2009, the price range for a single box system was between $175,000 and $200,000. You may want to contact Lely or a local dealer for more accurate pricing informationhttps://www.dairyherd.com/news/proven-technology-fresh-design-lely-astronaut-a3-next;https://www.lely.com/techdocs/astronaut/a3-next/;;Dairy cows;€ 188.000
livestock;Automatic Milking Systems ;NA;Automatic Milking ;CapriMAX;Boumatic;The CapriMAX milking cluster is the ultimate milking solution for progressive dairy goatfarmers. Numerous innovations ensure best results in terms of milking speed and quality,ruggedness and comfort. ;https://boumatic.com/eu_en/products/caprimax/;;goat;100.000 - 300.000€
livestock;Automatic Milking Systems ;NA;Automatic Milking ;OviMAX;Boumatic;The OviMAX milking cluster is the ultimate milking solution for progressive dairy sheep farmers.Numerous innovations ensure best results in terms of milking speed and quality, ruggedness and comfort.Your milking operation will achieve new levels of efficiency and profitability.;https://boumatic.com/eu_en/products/ovimax/;;sheep;100.000 - 300.000€
livestock;Automatic Milking Systems ;NA;Rotary Parlor;Swiftlo goat rotary;Dairymaster;The Swiftflo Goat Rotary has been designed to give optimum operator and goat comfort. Its unique robotic carriage allows one operator to milk up to 1,300 goats per hour. It is suitable for herd sizes of 500 goats or more.;https://www.dairymaster.com/gb/goat-rotary/;;goat;100.000 - 300.000€
livestock;Automatic Oestrus Detection ;NA;monitoring and warning;HAPPY COW (Ida Sensor);DATAMARS;Ida monitors each cow for signs of heat, ensuring you don’t miss the optimal time for insemination. She also spots fertility-related issues, helping you proactively address non-cyclic cows, potential abortions and calvings.;https://www.ida.io/en/;https://iot-catalogue.s3.amazonaws.com/files/5f15a4942df0b21fe88057c9/HAPPY%20COW.pdf;Dairy cows;Pro €4 per month per cow plus €40 startup fee per cow
livestock;Automatic Oestrus Detection ;NA;heat detection;AfiAct II;Afimilk;Afiact II system works for you by reducing false alerts and maximizing heat detection rate, calving alert, delayed calving and host of other Parameters by advance and precise set of algorithms. In Case of calving you get alerts on predicted. The AfiAct II is a cow monitoring system developed by Afimilk that provides accurate and timely heat detection and health monitoring. It uses a pedometer that measures the activity and rest patterns of each cow and sends the data to the AfiFarm software. The software analyzes the data and alerts the farmer when a cow is in heat or has a health issue https://pdf.agriexpo.online/pdf/afimilk/afiact-ii/171321-13165.html The cost of this product may vary depending on the size, design and equipment options. However, according to a brochure from Afimilk, the price range for a single pedometer is between $200 and $300. You may want to contact Afimilk or a local dealer for more accurate pricing informationhttps://milkplan.com/site/index.php/en/products/milking-systems/cows/herd-management/afiact-2.;https://www.afimilk.com/cow-monitoring/#afiact2;;Dairy cows;200 - 300 euros (per single pedometer)
livestock;Automatic Oestrus Detection ;NA;heat detection;Ovalert;CRV;Ovalert is a reproductive management system developed by SCR Dairy for dairy farms. It uses sensors and data analysis to monitor cow behavior and physiological indicators related to reproduction. By analyzing cow activity and other factors, Ovalert helps farmers detect optimal breeding opportunities and improve reproductive efficiency in their herds. It provides heat detection, heat intensity scoring, health monitoring, and data analysis features to assist farmers in making informed decisions for better herd fertility.;https://crv4all.com/en/service/ovalert;https://4d4f.eu/;Dairy cows;€ 2.925
livestock;Automatic Oestrus Detection ;NA;heat and movement patterns detection and warning;CowScout;GEA Farm Technologies;Overall, the pregnancy rate has increased from 25% to 33%, and heifers are calving earlier.;https://www.gea.com/en/products/milking-farming-barn/activity-detection-cowscout.jsp     ----------          https://www.nedap-livestockmanagement.com/testimonial/carl-carlson/;;Dairy cows;65 per cow
livestock;Automatic Oestrus Detection ;NA;Heat Checking;Boar Bot 2.0;the Swine Robotics ;the Boar Bot 2.0 is a robotic device designed for use in pig farming to aid in the process of heat checking, which involves identifying female pigs in heat to facilitate breeding. The Boar Bot 2.0 is an updated version of an earlier model and features a variable speed motor with soft-start and soft-stop functionality, which allows for more precise and safe movement through the barn. Additionally, the updated technology is designed to exercise boars with smoother acceleration, which can improve their ability to find females in heat. Overall, the Boar Bot 2.0 appears to be a device intended to improve efficiency and animal welfare in pig farming.;https://swinerobotics.com/site/boar-bot-2-0/;NA;Pigs;Increase farrowing rates by 2-10% .  Increase safety with 95% less boar-worker contact, eliminate injuiries •        95% Labor Saving (Swine Robotics INC. link)
livestock;Automatic Oestrus Detection ;NA;Heat detection;Heat Detection Pigs;Nedap (Provider) Jenisys (supplier);The Nedap Sow Heat Detection is an advanced solution for pig farming that promptly reports heat conditions to the farmer. This system swiftly identifies and marks sows in heat within the group, ensuring timely detection. Through a separate station, it automates the recognition, marking, and separation of sows based on heat, outperforming traditional methods in speed and accuracy. The Stainless Steel version, part of the Electronic Sow Feeding system, enhances farmer safety and contributes to a 2% cost saving per sow per year, making it a valuable tool for efficient pig management.;http://www.jenisys.eu/JCLweb/heat-detection-pigs/;NA;pigs;saves 2% cost per sow per year
livestock;Automatic Feeding Systems ;NA;Automatic Feeding;Pitstop BASIS mineral feeder;MicroFeeder;The MicroFeeder PitstopBASIS is a feeder for providing mineral feed supplements to animals with individual needs. It comes in two models, one with a large mounting bracket for a wall and another with a small bracket for stanchion or fencing bars. The feeder is made of durable HDPE plastic and has a 45-liter volume feed container. The lid has a one-hand operated snap lock for easy filling, and the closed design protects the supplements from water and dung. One feeder serves about 25 cows, and it is suitable for animals without horns.;https://www.microfeeder.com/Pitstop;;Dairy cows;400 euros
livestock;Automatic Feeding Systems ;NA;Automatic Feeding;Lely Vector;Lely;Exact rations and always fresh food Frequent feeding has been proven to have a positive effect on the overall health of the herd. Lely Vector precisely loads the amount of feed for each feeding and distributes it only where it is needed. The caliper calculates the weight and realizes at what depth it should take the right amount.;https://www.lely.com/solutions/feeding/vector/;;Cattle;180.000 euros 
livestock;Automatic Feeding Systems ;NA;Automatic Feeding;Triomatic T30 feed kitchen;Trioliet ;combination of one or more feed floors, with the number depending on the number of coarse feed ingredients. These feed floors are easy to load using a silage cutter but the system is also suitable for round or square bales of silage, hay or straw. The cutting unit has two circular knives that cut the feed up evenly, leaving a compact feed structure;https://www.trioliet.com/products/automatic-feeding-systems/feed-kitchens/feed-storage-for-automatic-feeding-system;;Cattle;85.000 euros 
livestock;Automatic Feeding Systems ;NA;Automatic Feeding;Lely Calm automatic calf feeder;Lely;Lely Calm is an automated calf feeding system that eliminates manual tasks like filling heavy buckets and cleaning feeding tools. The system automatically mixes milk powder and water to create a suitable portion, recognizing calves through neck transponders. It streamlines daily routines, ensuring optimal hygiene and saving time. Equipped with a smart management system, it provides health information accessible through tools like Horizon management, CalfApp, and CalfCloud. Designed to promote roughage and concentrate intake, Lely Calm enhances rumen health, positively impacting vitality, fertility, milk yield, and the overall lifespan of dairy cows. The HygieneBox ensures teat hygiene through a thorough automated cleaning process. Suited for all farms, Lely Calm offers quick recoupment of investment.;https://www.lely.com/solutions/feeding/calm/;;Cattle;7.000-10.000 euros
livestock;Automatic Feeding Systems ;NA;Feeding Robot;Boumatic Ranger;Boumatic;self-guided robot, which pushes the ration multiple times a day. It allows you to reduce labour costs and positively impact milk production as full consumption of ration increases milk yield by up to 1 liter per cow and day.;https://boumatic.com/eu_en/products/boumatic-ranger/;;Cattle;€150,000 to €200,000
livestock;Automatic Feeding Systems ;NA;Feeding Robot;The Transfeed DEC TMR Feed Robot;SCHAUER;Transfeed DEC is a TMR (Total Mixed Ration) cattle-feeding robot developed by SCHAUER, a company that specializes in livestock feeding technology. The Transfeed DEC is designed to automate the feeding process for dairy cows, beef cattle, and other livestock. It uses advanced sensors and algorithms to measure and mix the feed ingredients in the correct proportions, based on the specific nutritional needs of the animals. The robot can be programmed to provide customized feed rations for each animal or group of animals, based on factors such as age, weight, and milk production. The Transfeed DEC is designed to be highly efficient and reliable, with minimal human intervention required. It can operate 24 hours a day, seven days a week, and can feed up to 200 cows per hour. The robot is also designed to be easy to operate and maintain, with a user-friendly interface and remote monitoring capabilities. Overall, the Transfeed DEC TMR Cattle-Feeding Robot from SCHAUER is a cutting-edge technology that can help farmers and livestock producers optimize their feeding practices and improve the health and productivity of their animals.;https://en.schauer-agrotronic.com/cattle      Transfeed_14_EN.pdf   ;;Cattle;€40,000 to €60,000
livestock;Automatic Feeding Systems ;NA;Automatic Littering System;Strohmatic Automatic Littering System;SCHAUER;The Strohmatic system is designed to automate the process of littering or spreading bedding materials, such as straw or wood shavings, in animal housing facilities. It is particularly suited for use in pig farming, where the hygiene and comfort of the animals is essential for their health and productivity. The Strohmatic system consists of a series of sensors, controllers, and dispensers that work together to distribute the bedding material evenly and efficiently. The sensors detect the level of bedding material in the housing area, and the controllers activate the dispensers to add more material as needed. This helps to maintain a consistent level of bedding, which is important for keeping the animals clean, comfortable, and healthy. The Strohmatic system is designed to be easy to install and operate, with a user-friendly interface that allows farmers and animal caretakers to adjust the settings and monitor the system remotely. It can also be integrated with other SCHAUER products, such as feeding systems and ventilation systems, to create a complete solution for livestock housing and management.;https://en.schauer-agrotronic.com/pig/litter-systems/strohmatic   Strohmatic Litter system ;;Cattle, Pig, Small Ruminants, Poultry;€20,000 to €50,000
livestock;Automatic Feeding Systems ;NA;Feeding Robot;BUTLER GOLD PRO FEED PUSHER;wasserbauer;Butler Gold Pro Feed Pusher is a specialized device designed to automate and streamline the feeding process in livestock operations. It is a robotic system that operates on a track or rail system within the barn or feeding area.The Butler Gold Pro Feed Pusher is equipped with brushes or paddles that gently push the feed closer to the animals, ensuring that feed is evenly distributed and accessible throughout the feeding area. It helps prevent feed wastage and encourages animals to consume their entire ration.;https://wasserbauer.at/produkte/futterschieber-butler-gold-pro       https://wasserbauer.at//user_upload/downloads/WB_Gesamtfolder2022_engl_web.pdf   ;;Cattle;€10,000 to €20,000
livestock;Automatic Feeding Systems ;NA;automatic feeding;PigNic & PigNic-Jumbo for piglets;Big Dutchman;Big Dutchman’s innovative automatic feeder PigNic is ideally suited for all weight groups from weaned piglets to finishing pigs. PigNic is available in two different models: ) for piglet rearing and ) pig finishing Up to 40 animals can be fed at one feeder. PigNic is made of both stainless steel and plastic and is equally well suited for the use of pellets, granules or meal. It can be installed into the pen;https://www.bigdutchman.com/en/pig-production/products/detail/automatic-feeders/;NA;Pigs, Piglets;1000 - 2000 €
livestock;Automatic Feeding Systems ;NA;automatic liquid feeding;Liquimix liquid feeding;SCHAUER ;Automatic liquid feeding is used worldwide to reduce feed costs. There are a number of systems available: working with mixed phase or multiphase feed, with or without residual amounts and depending on the size of the operation. The liquid feeding systems are automatic, oriented to reduce the feed costs, controlled by computer-based feed management. It has an optimized digestibility of the liquid feed due to activation of feed enzymes (phytase, xylanase, glucanase), which leads to better-feed utilization. It can reduce the feed costs by 10%.;https://en.schauer-agrotronic.com/pig/pig-feeding-systems/liquimix-liquid-feeding;NA;Pigs, Piglets;10.000 - 30.000 €
livestock;Automatic Feeding Systems ;NA;pig sorting;Nedap Pig Sorting;Nedap (provider) Jenisys (supplier);Nedap Pig Sorting allows you to feed and sort pigs based on weight and sex..  The station weighs and identifies each pig and automatically leads it to the right feed type or to the separation area.  This means you can feed optimally and deliver your pigs to the slaughterhouse at exactly the right weight. Feeding according to weight and sec sends the individual finisher to the correct feed type.  ;http://www.jenisys.eu/JCLweb/pig-sorting/;NA;Pig ;30 € per slaughter pig 
livestock;Automatic Feeding Systems ;NA;farrowing feeding;Nedap Farrowing Feeding;Nedap Solutions;Nedap Farrowing Feeding with wireless Activator is a revolutionary solution for optimizing lactating sow nutrition. This system delivers precise, snack-sized portions of fresh feed on a schedule, with the added flexibility for sows to request additional portions. The result is maximized feed intake, leading to improved sow and pig performance, reduced mortality, increased litter size, and consistent milk yields. The wireless Activator minimizes labor, cuts feed wastage, and provides real-time data for strategic feed planning. With benefits such as heavier piglet weaning weights and quicker rebreeding, this technology ensures a healthier and more profitable sow management experience across various housing styles.;https://www.nedap-livestockmanagement.com/pigfarming/solutions/nedap-sowsense/farrowing-breeding-stall-feeding/;NA;Pig ;250 € per sow space
livestock;Automatic Feeding Systems ;NA;Feeding System;Transfeed DEC;SCHAUER;Transfeed DEC has been one for 30 years Technology that has been used 1000 times and is installed stationary. The lining will via one guided on rails Feed wagon, the group TMR Feed mixtures fully automatic mixes, distributed several times a day. Depending on the size of the livestock, different feed mixer wagons are available. Robot feeding system for sheeps and goats. The Transfeed DEC drives quietly and steadily along the ceiling of your barn and distributes just the right amount of food.;"https://en.schauer-agrotronic.com/sheep-and-goats       brochure named ""Sheep and goats""";;;40.000 – 60.000 €
livestock;Automatic Feeding Systems ;NA;Feeding Robot;the FEEDR feeding robot;Sieplo;Exactly the right, individual ration for each animal. Precisely dosed at the right time and always fresh. The FEEDR® makes it possible to match more closely than ever the natural eating behaviour of your animals. This will help you take another step towards even better animal health and higher returns in your business. This unmanned feeding robot goes to the feeding stations itself, mixes the forage into a homogenous mixture and doses the feed in your stalls. Using the central computer or the practical FEEDR® app, you can easily adjust feeding schedules and animal numbers. You will also have accurate insight into feed data, allowing you to optimise feed composition, identify health problems in your animals at an early stage and improve your returns.;https://www.sieplo.com/product/feedr/;https://4d4f.eu/;cattle,  Goat/sheep ;50.000 - 100.000 €
livestock;Automatic Feeding Systems ;NA;Automated Feeding ;Automated Feed Station;GreenOak (from USA but has european customer);Our feed station systems are flexible and designed to simplify and optimize your goat feeding operations. Our state-of-the-art dispensing system can dispense up to three different types of feed at once. The built-in animal identification system is made of a leg strap that links to a floor antenna that transmits the animal ID to a software that in return executes the feeding instructions for individual animal profile. Information such as milk yield, lactation stage, date of kids birth etc. are some of the details used to determine feed instructions. Research has shown that providing adequate nutrition before and after kidding increases the small ruminant’s ability to produce milk. Providing your goats and sheep, and their kids to be born, with adequate nutrition will impact their ability to produce sufficient milk without going into Ketosis. Goats and sheep in the commercial dairy industry are expected to deliver large volumes of milk which call for adequate nutrition. With our feed station systems, feed quantity, frequency and variety is provided automatically and seamlessly.;https://www.greenoakna.com/goat-sheep-feed-station;;goat sheep;26.000 € per 200 goats
livestock;Automatic Feeding Systems ;NA;Automatic Feeding;Jeantil Automatic Feeding;Jeantil;Jeantil Automatic Feeding robot meets today’s livestock farming needs in terms of animal welfare, productivity and energy savings. Jeantil Automatic Feeding offers a modular and scalable technology consisting of a ration preparation unit, a control interface on PC and a feed distribution robot. The latter results from a high quality manufacture according to French standards and a high precision technology at the service of a reliable, high performance and economical mechanism.;https://www.jeantil.com/Contenus-Jeantil/2-50-0-0-0-0-158-2-Jeantil_Automatic_Feeding.html#haut;;Cattle, Pig, Small Ruminants, Poultry;50.000 – 100.000 €
livestock;Animal Behaviour, Monitoring, Health, Welfare & Disease Detection;NA;virtual fencing;Vence app;Vence ; The Vence virtual fencing and cattle management software is an affordable and convenient way to manage your cattle. With the Vence system, there is no need for physical fences or corrals. Instead, the Vence app uses GPS collars worn by the cattle. The collars emit a Radio Frequency (RF) signal that is used to automatically create a virtual fence around the cattle. The Vence app will keep track of the cattle's location and send alerts if the cattle attempt to leave the virtual fence.;https://vence.io/product;;Cattle (only 500+ animals);Currently, the cost for virtual fence technology from Vence includes $35 to rent a collar for one year, plus $10 for the battery. A collar can be moved to different animals within the rental period
livestock;Animal Behaviour, Monitoring, Health, Welfare & Disease Detection;NA;health monitoring;Ixotrack GPS collar;Ixorique;Automatically control your livestock thanks to our Ixotrack GPS collar and digitally manage your farm and receive alerts on your mobile.;https://ixorigue.com/en#how-it-works;;Cows;3000 euros
livestock;Animal Behaviour, Monitoring, Health, Welfare & Disease Detection;NA;monitoring and warning;HAPPY COW (Ida Sensor);Ida ;Ida can tell when a cow isn’t feeling great 24-48 hours before most humans. She sees subtle behavior changes that can indicate mastitis, metritis, ketosis or other illnesses. Her early warnings reduce treatment days and improve the welfare of your herd.;https://www.ida.io/en/;;Cow;Pro€4per month per cowplus €40 startup fee per cow
livestock;Animal Behaviour, Monitoring, Health, Welfare & Disease Detection;NA;lighting arrangement;Lely Light for Cows , Lely L4C;Lely;Lely Calm is an automated calf feeding system that eliminates manual tasks like filling heavy buckets and cleaning feeding tools. The system automatically mixes milk powder and water to create a suitable portion, recognizing calves through neck transponders. It streamlines daily routines, ensuring optimal hygiene and saving time. Equipped with a smart management system, it provides health information accessible through tools like Horizon management, CalfApp, and CalfCloud. Designed to promote roughage and concentrate intake, Lely Calm enhances rumen health, positively impacting vitality, fertility, milk yield, and the overall lifespan of dairy cows. The HygieneBox ensures teat hygiene through a thorough automated cleaning process. Suited for all farms, Lely Calm offers quick recoupment of investment.;https://www.lely.com/media/filer_public/2b/63/2b633500-8e27-46ed-ae0b-d5ba3e778ad1/lely_l4c__en.pdf;; all (low barns, dry cows, beef cattle) ;100-200 € per light
livestock;Animal Behaviour, Monitoring, Health, Welfare & Disease Detection;NA;Sound Monitoring;SoundTalks;SoundTalks;A robust algorithm focused on respiratory health farm surveillance. Robust trained algorithm with more than 350 years of barn recorded sound data. Validation from barns all over the world. High sensitivity and speci?city detecting early symptoms based on labeled cough events. High precision rate.;https://www.soundtalks.com/soundtalks/;EU -PLF ;Pigs;2000 € installation 300 € per sensor 250 € per year
livestock;Animal Behaviour, Monitoring, Health, Welfare & Disease Detection;NA;Fever Detection;Degree2act;Degree;Degree2act is an affordable and non-invasive tool for early detection of temperature alterations in animals, aiding in individual health care and disease outbreak identification in pig herds. Utilizing contactless IR skin thermometry with the Degree2act app, it eliminates the need for invasive instruments, reducing stress and the risk of pathogen transmission. This quick and user-friendly solution, requiring a Flir One thermographic camera, facilitates preventive health management, potentially minimizing antibiotic use in pig farming. Diagnostics should always be conducted under veterinary guidance.;https://www.degree2act.com/ ;NA;Pigs;between 250 € and 500 € for the camera. Cost of the app vary from 49.99 € to 99.99 € per year
livestock;Animal Behaviour, Monitoring, Health, Welfare & Disease Detection;NA;to keep animals moving;T-Moov;Tibot;Spoutnic is the first product in our line. Its job is to get your birds moving and reduce the floor egg rate. You’ll feel more secure about the start and success of each flock of animals. ;https://www.farmsrobots.com/product/74/t-moov-robot;;poultry;14.500,00 €
livestock;Animal Behaviour, Monitoring, Health, Welfare & Disease Detection;NA;Lighting ;ALIS Barn Lamps;Greengage;Monitoring of environment and bird behaviour. Reduce aggression and mortality. Improve hock and foot health. Maintains birds’ circadian rhythm. Maintain litter integrity. Encourage natural behaviours.;https://greengage.global/wp-content/uploads/ALIS-Barn-Lamp-wide-A4-ENGLISH.pdf;;poultry, swine ;100 - 150 € per light
livestock;Animal Behaviour, Monitoring, Health, Welfare & Disease Detection;NA;Virtual fencing;NOFENCE;nofence;Nofence is the worlds first commercial virtual fencing solution for livestock, where the animals are controlled by GPS-collars and an app.;https://www.nofence.no/en/;;cattle, Goat/sheep;200 € per unit
